<?xml version="1.0" encoding="UTF-8"?>

<!DOCTYPE suite SYSTEM "http://testng.org/testng-1.0.dtd">

<!-- <suite parallel="tests" name="Parallel test suite"> -->
<suite parallel="false" name="Suite">

	<test name="Chrome Test">
		<parameter name="browser" value="chrome" />
		<parameter name="domain" value="staging" />
		<classes>
			<class name="ShipRocket.SR.LoginTest" />
			<class name="ShipRocket.SR.OrderCreationTest" />
			<class name="ShipRocket.SR.ChannelOrderTest" />
			<class name="ShipRocket.SR.OrderTestBulk" />
		</classes>
	</test>

</suite>